{
    "loss": [
        0.007557740435004234,
        0.0009422865696251392,
        0.0008932218770496547,
        0.0007343800971284509,
        0.000696243776474148,
        0.0006546910735778511,
        0.0005642356700263917,
        0.0004863615322392434,
        0.000535820028744638,
        0.0004390474350657314,
        0.00037849435466341674,
        0.00034728896571323276,
        0.0003727471630554646,
        0.00034828652860596776,
        0.0003260778612457216,
        0.00032277608988806605,
        0.00031316696549765766,
        0.00030911844805814326,
        0.000277642160654068,
        0.00029331931727938354,
        0.00027293406310491264,
        0.0002724523073993623,
        0.0002822941751219332,
        0.00026283934130333364,
        0.00027307169511914253,
        0.0002758028858806938,
        0.0002554566308390349,
        0.0002547141630202532
    ],
    "val_loss": [
        0.00015409068146254867,
        0.00046144035877659917,
        0.0002158685529138893,
        0.00013113523891661316,
        0.0005540347774513066,
        0.0003247648128308356,
        0.0001010823980323039,
        0.00010285659664077684,
        0.001422420609742403,
        0.00018748319416772574,
        9.339283860754222e-05,
        9.325274004368111e-05,
        7.779540464980528e-05,
        0.00017165570170618594,
        7.369742525042966e-05,
        0.0003767031885217875,
        0.00010209048923570663,
        0.0015452606603503227,
        0.0005946457386016846,
        6.910324736963958e-05,
        0.0006987074157223105,
        0.00011239088780712336,
        6.563893111888319e-05,
        0.0005219608428888023,
        6.69869186822325e-05,
        0.0011949858162552118,
        0.00018822999845724553,
        0.00014735183503944427
    ]
}